<?xml version="1.0" encoding="UTF-8"?>
<project-private xmlns="http://www.netbeans.org/ns/project-private/1">
    <editor-bookmarks xmlns="http://www.netbeans.org/ns/editor-bookmarks/2" lastBookmarkId="0"/>
    <open-files xmlns="http://www.netbeans.org/ns/projectui-open-files/2">
        <group>
            <file>file:/D:/Code/Java/CollectionExamples2/src/collectionexamples2/Puppy.java</file>
            <file>file:/D:/Code/Java/CollectionExamples2/src/collectionexamples2/CollectionExamples2.java</file>
            <file>file:/D:/Code/Java/CollectionExamples2/src/collectionexamples2/TurnerCollection.java</file>
            <file>file:/D:/Code/Java/CollectionExamples2/src/collectionexamples2/Collection.java</file>
        </group>
    </open-files>
</project-private>
